{
  "problem_id": "CF_2128D",
  "problem_title": "Sum of LDS",
  "problem_url": "https://codeforces.com/contest/2128/problem/D",
  "rating": 1600,
  "correct_solution_verdict": "OK",
  "buggy_solution_verdict": "TIME_LIMIT_EXCEEDED",
  "buggy_solution_passed_tests": 3,
  "correct_solution_submission_id": 333591321,
  "buggy_solution_submission_id": 333590549,
  "bug_category": null,
  "bug_description_natural_language": null,
  "correct_solution_file": "solution_correct.cpp",
  "buggy_solution_file": "solution_buggy.cpp",
  "problem_statement_file": "problem_statement.md"
}